,MP,SP,SP_primal
1.0,8802.944393511541,18663.07048291628,
2.0,8802.944393511543,18368.79341893324,8906.069901765879
3.0,8802.944393511543,18367.714172463624,8904.102782882937
